BP Code	BP Name	BP Type	E-Mail	Contacts E-Mails	Selected	ADDITIONAL EMAILS
400287	“Rio Ardeche“  Schifffahrtsgesellschaft mbH & Co. KG	C	frankhaeuser@tuh.de	Nautical@ahrenkiel-steamship.com	1	
400141	2 Ocean Marine Services	C	management@2oceanmarine.net		1	
400487	AAge Hempel International A/S Spain	C	carlosmartinez@aagehempel.com	adolfoarevalo@aagehempel.com	1	
400677	AAge Hempel Panama	C	logisitic4@aagehempel.com	service@aagehempel.com; ahpanama@aagehempel.com	1	
400677	AAge Hempel Panama	C	logisitic4@aagehempel.com	adolfoarevalo@aagehempel.com	1	
400677	AAge Hempel Panama	C	logisitic4@aagehempel.com	"marilu@aagehempel.com,adolfoarevalo@aagehempel.com"	1	
400677	AAge Hempel Panama	C	logisitic4@aagehempel.com			
400677	AAge Hempel Panama	C	logisitic4@aagehempel.com	"marilu@aagehempel.com,adolfoarevalo@aagehempel.com"		
400289	"Aeromarine, S.A."	C	as@aeromarine.com.uy	xb@aeromarine.com.uy		
5606	Almacen Ideal	S				
400406	Alphatron Marine Deutschland GmbH	C	baureiss@alphatron.de	service@alphatron.de	1	
400557	Alphatron Marine Poland Sp. z o.o	C	service@alphatronpoland.pl	Magdalena Kalka <m.kalka@alphatronpoland.pl>	1	
400916	Amalis Product Corp c/o V. Ships UK Ltd	C	mumbinv@vships.com;oluzoad@vships.com	vikram.narayanan@vships.com	1	
400916	Amalis Product Corp c/o V. Ships UK Ltd	C	mumbinv@vships.com;oluzoad@vships.com	gordon.leiper@vships.com		
400905	Anuwa Shipping S.A.	C		ANUWASHIPPING@GMAIL.COM		
400936	Aristoff International Ltd	C	king@osm.no	accounting.ham@osm.no		
400936	Aristoff International Ltd	C	king@osm.no		1	
400722	ASAP Panama Ship Supplier	C	administration@asapshipsupplier.com			
400722	ASAP Panama Ship Supplier	C	administration@asapshipsupplier.com			
400183	ASMATO SHIPPING COMPANY LIMITED	C	"marlow@marlow.com.cy, ppetrou@marlow.com.cy"		1	
400948	ASP Ship Management Singapore Pte Ltd	C	sgoswami@aspships.com	sgoswami@aspships.com		
400948	ASP Ship Management Singapore Pte Ltd	C	sgoswami@aspships.com	glacerna@aspships.com	1	
25360	Associated Steamship	C	asa@shipsagent.com	asa@shipsagent.com	1	
25360	Associated Steamship	C	asa@shipsagent.com	asa@shipsagent.com		
25360	Associated Steamship	C	asa@shipsagent.com	femanuele@shipsagent.com	1	
400946	"ATL Offshore GmbH & Co. ""ISLE OF MELLUM"" KG"	C		accounting@hartmann-offshore.de	1	
400946	"ATL Offshore GmbH & Co. ""ISLE OF MELLUM"" KG"	C		purchasing@hartmann-offshore.de	1	
400946	"ATL Offshore GmbH & Co. ""ISLE OF MELLUM"" KG"	C		J.Penso@hartmann-offshore.de	1	
400727	Autoridad del Canal de Panamá	C	centrodefactura@pancanal.com	jmata@pancanal.com	1	
100340	Autoridad Maritima de Panama	S		fpitty@amp.gob.pa		
400812	Baier Marine CME Ltd	C		rb@baier-marine.com; service@baier-marine.com	1	
400515	Baltic Marine Contractors	C	info@balticmarine.net	aleksei.povjakel@pon.com	1	
400515	Baltic Marine Contractors	C	info@balticmarine.net	marko.tammaru@pon.com	1	
400967	Barren Import S.A.	C	asistentempacifico@cableonda.net			
400156	Bernhard Schulte Shipmanagement (China) Ltd	C	cn-sdc-invoices@bs-shipmanagement.com/Charles Cheng (CN-SDC)/stella.tang@bs-ship	rongqin.sun@bs-shipmanagement.com		
400156	Bernhard Schulte Shipmanagement (China) Ltd	C	cn-sdc-invoices@bs-shipmanagement.com/Charles Cheng (CN-SDC)/stella.tang@bs-ship	Pan.Zhou@bs-shipmanagement.com		
26098	Bernhard Schulte Shipmanagement Cyprus L	C	penelope.kaoula@bs-shipmanagement.com	Yosmary.Marquez@bs-shipmanagement.com		
26098	Bernhard Schulte Shipmanagement Cyprus L	C	penelope.kaoula@bs-shipmanagement.com	Yosmary.Marquez@bs-shipmanagement.com	1	
400545	Bernhard Schulte Shipmanagement GmbH & Co. KG	C	Waldemar.Jakubowski@bs-shipmanagement.com	stella.kleve@bs-shipmanagement.com	1	
400545	Bernhard Schulte Shipmanagement GmbH & Co. KG	C	Waldemar.Jakubowski@bs-shipmanagement.com	de-sdc-invoices@bs-shipmanagement.com		
400545	Bernhard Schulte Shipmanagement GmbH & Co. KG	C	Waldemar.Jakubowski@bs-shipmanagement.com	de-smc-accounts-payables@bs-shipmanagement.com		
400907	Blue Coral Technology Corp	C	engineers@my-anna.com	purser@ms-anna.com		
400958	"Boskalis Panama, S.A"	C	i.perez.rodriguez@boskalis.com	i.perez.rodriguez@boskalis.com	1	
25960	Boyd Steamship Corp.	C	ngaribaldi@boydsteamship.com	operations@boydsteamship.com	1	
400725	Bridge Port Supply	C	compras@bridgeportsupply.com		1	
25145	Briese Schiffahrts GmbH & Co KG	C	"inspection2@briese.de, info@briese.de"	inspection2@briese.de	1	
25145	Briese Schiffahrts GmbH & Co KG	C	"inspection2@briese.de, info@briese.de"	bookkeeping@briese.de		
400381	Bumi Armada Berhad	C	Hillary.Lee@bumiarmada.com	tarmizi.aziz@bumiarmada.com	1	
400381	Bumi Armada Berhad	C	Hillary.Lee@bumiarmada.com	ap.team@bumiarmada.com	1	
100538	Business Suppliers Express Corp	S	help@bsxpress.com			
25626	C. Fernie & Co.	C	fernie@cfernie.com		1	
25626	C. Fernie & Co.	C	fernie@cfernie.com	fernie @cfernie.com		
25626	C. Fernie & Co.	C	fernie@cfernie.com	fernie@cfernie.com		
25626	C. Fernie & Co.	C	fernie@cfernie.com	fernie@cfernie.com		
400129	Carbofin Spa	C	"info@carboflotta.it,a.lopez@carboflottta.it"	a.misci@carboflotta.it	1	
400129	Carbofin Spa	C	"info@carboflotta.it,a.lopez@carboflottta.it"	a.maresca@carboflotta.it		
9000	Cash	C				
25757	Centralam Panama S.A.	C	mail@centralam.net	accounting@centralam.net		
25757	Centralam Panama S.A.	C	mail@centralam.net	mail@centralam.net	1	
25757	Centralam Panama S.A.	C	mail@centralam.net	accounting@centralam.net		
25757	Centralam Panama S.A.	C	mail@centralam.net			
25757	Centralam Panama S.A.	C	mail@centralam.net	purchasea@centralam.net		
25757	Centralam Panama S.A.	C	mail@centralam.net	purchased@centralam.net		
25757	Centralam Panama S.A.	C	mail@centralam.net	mail@centralam.net		
400400	Cobham A/S	C	erling.mogensen@cobham.com	satcom.payables@cobham.com	1	
400400	Cobham A/S	C	erling.mogensen@cobham.com	diana.fiedel@cobham.com	1	
400400	Cobham A/S	C	erling.mogensen@cobham.com	henriette.johansen@cobham.com	1	
400400	Cobham A/S	C	erling.mogensen@cobham.com	satcom.lyngby.invoice@cobham.com; erling.mogensen@cobham.com	1	
400400	Cobham A/S	C	erling.mogensen@cobham.com	henriette.johansen@cobham.com		
400561	Cobham A/S Warranty	C		diana.fiedel@cobham.com	1	jim.murray@cobham.com
100025	Cobham Inc.	S	accounting@thrane.com	satcom.ohc@cobham.com		
100025	Cobham Inc.	S	accounting@thrane.com	henriette.johansen@cobham.com		
100025	Cobham Inc.	S	accounting@thrane.com	melissa.wooten@cobham.com	1	
1178	"COBHAM, A/S (Repair-DK)"	S	HSC@thrane.com/mbo@thrane.com	henriette.johansen@cobham.com		
396	Coferro A/S	S	coferro@coferro.dk	bje@coferro.dk		
25098	Columbia Shipmanagement (Deutschland) GmbH	C	m.panayides@csmcy.com;y.elia@csmcy.com	p.gildea@csm-d.com		
25098	Columbia Shipmanagement (Deutschland) GmbH	C	m.panayides@csmcy.com;y.elia@csmcy.com	accountpayable@csm-d.com		
25138	"Compagnia Generale Telemar, SpA"	C	"cgt.fornitori@cgtelemar.com, finance@cgtelemar.com"	m.calvigioni@cgtelemar.com		
26240	Compania Maritima de Panama	C	NVukelja@cmpgb.com			
400963	"Conley & Associates, Inc."	C	dmenefee@conley-inc.com	dmenefee@conley-inc.com		
400362	Consilium B.V.	C	nlservice@consilium.co.uk	service@consiliumholland.nl		
400261	Consilium GmbH	C	consilium@consilium-hamburg.de			
400261	Consilium GmbH	C	consilium@consilium-hamburg.de	C.Schmidt@consilium-hamburg.de	1	
400261	Consilium GmbH	C	consilium@consilium-hamburg.de	invoice@consilium-hamburg.de	1	
400387	Consilium Marine Hellas	C		accounts@consiliumhellas.gr		
400387	Consilium Marine Hellas	C		info@consiliumhellas.gr		
400910	Consilium Marine Korea Ltd	C	info@consilium.co.kr;service@consilium.co.kr	info@consilium.co.kr;service@consilium.co.kr	1	
25711	Consilium Navigation AB	C	malin.lundstroem@consilium.se	Got.Eko@consilium.se	1	
25711	Consilium Navigation AB	C	malin.lundstroem@consilium.se	service.navigation@consilium.se	1	
25711	Consilium Navigation AB	C	malin.lundstroem@consilium.se	apt.navigation@consilium.se	1	
5073	Consilium Navigation AB	S	finance.fireandgas@consilium.se			
400105	Container Schiffahrt Gmbh & Co.	C	rene.stumpe@hartmann-reederei.de	rene.stumpe@hartmann-reederei.de	1	
400800	"COTEMAR, S.A. DE C.V."	C		aortegah@ext-cot.com	1	
400945	CR OFFSHORE SAPI de CV	C		daniel.olvera@croffshore.com.mx	1	
400945	CR OFFSHORE SAPI de CV	C		sige@cspmex.com.mx		
400871	Crocon d.o.o.	C		sales@crocon.hr	1	
400448	CRT Communications	C	crtcom@attglobal.net	accounts@crtmarine.com		
400448	CRT Communications	C	crtcom@attglobal.net	crtcom@attglobal.net		
25771	Cuch Maritime	C	jfarah@cwpanama.net?	jfarah@cwpanama.net?	1	
100263	Cuch Maritime	S	jfarah@c-com.net.pa			
400460	Danelec Marine A/S	C	aly@danelec-marine.com	jn@danelec-marine.com	1	
400460	Danelec Marine A/S	C	aly@danelec-marine.com	sbs@danelec-marine.com	1	
400591	DMS Dirks Marine Service GmbH	C	"k.elit@d-ms.de, purchasing@d-ms.de"	k.gruenfeld@d-ms.de		
400457	DOF NAVEGAAO LTDA.	C	alexandre.fonseca@norskan.com.br	marcia.coelho@dofbrasil.com	1	
400542	"Dolphin Marine Suppliers, S.A."	C	dolphinsale@cwpanama.net	dolphinsale@cwpanama.net	1	
25982	Electromar Service S.A.	C		electmar@cwpanama.net		
100018	"Electronica Caribe, S.A."	S	electcaribe@cwpanama.net			
400239	Electronica Maritima ITEC Ltda.	C	mosoriov@iteccolombia.com	mosoriov@iteccolombia.com	1	
400173	Everpine Technology Pte Ltd.	C	"edwardlee@everpine.com,  ericyeoh@everpine.com"			
400380	Everthron Marine Systems SRL	C	admini@everthron.com.ar	damian.avanzi@everthron.com.ar	1	
400286	Executive Ship Management Pte Ltd	C	tech7@executiveship.com			
400286	Executive Ship Management Pte Ltd	C	tech7@executiveship.com	einvoice@executiveship.com	1	
26142	Fabio Fiorucci S.r.l.	C	ffiorucci@tin.it	'Amministrazione' <admin@fabiofioruccisrl.com>	1	
26142	Fabio Fiorucci S.r.l.	C	ffiorucci@tin.it	mail@fabiofioruccisrl.com	1	
26142	Fabio Fiorucci S.r.l.	C	ffiorucci@tin.it	mail@fabiofioruccisrl.com		
25433	Fleet Management. Ltd.	C	alexchan@fleetship.com/FLEET-HK-ACCT@fleetship.com	belinda@fleetship.com	1	
25433	Fleet Management. Ltd.	C	alexchan@fleetship.com/FLEET-HK-ACCT@fleetship.com	accountspayable@fleetship.com		
25433	Fleet Management. Ltd.	C	alexchan@fleetship.com/FLEET-HK-ACCT@fleetship.com	ericpan@fleetship.com		
25433	Fleet Management. Ltd.	C	alexchan@fleetship.com/FLEET-HK-ACCT@fleetship.com	FLEET-HK-TECH9@fleetship.com		
400943	FUJI METALOCK BRASIL S.A.	C	sales@fujimetalock.com.br	luis.alvarez@metalock.com.br; adm.santos@fujimetalock.com.br	1	
400897	"Fuji Shipping Panama, S. A."	C	alexisyau@fujishipping.com	sales@fujishipping.com		
10415	Furuno Danmark A/S	C	jm@furuno.dk	mkn@furuno.dk	1	
10415	Furuno Danmark A/S	C	jm@furuno.dk	invoice@furuno.dk		
400205	Furuno Finland OY	C	pasi.ohtonen@furuno.fi	accounting@furuno.fi		
400851	Furuno Polska SP Z.O.O.	C		furuno@furuno.pl;mp@furuno.pl	1	
400851	Furuno Polska SP Z.O.O.	C		mp@furuno.pl		
400941	Gatun Overseas Suppliers	C	operations@gospanama.com	operations@gospanama.com	1	
5613	Generali	S		YadizelTunon@generali.com.pa		
400919	Global International Trading USA CORP	C	info@globalintertrading.com			
400944	Glory Ships (S) PTE LTD	C		gloryship@gloryships.net		
400944	Glory Ships (S) PTE LTD	C		gloryship@gloryships.net		
400933	Grupo B&G Maritime Suppliers Panama S.A.	C				
400351	Gyromarsat-Marine Electronics & Satcom	C	wanderson@gyromarsat.com.br	sales@gyromarsat.com.br	1	
400351	Gyromarsat-Marine Electronics & Satcom	C	wanderson@gyromarsat.com.br	vendas@gyromarsat.com.br	1	ventas@gyromarsat.com.br
400351	Gyromarsat-Marine Electronics & Satcom	C	wanderson@gyromarsat.com.br	wanderson@gyromarsat.com.br	1	
400124	"Hanaro Marine Suppliers, S.A."	C	hanaro@ikmc.net	hanaro@ikmc.net	1	
1	Hans Buch A/S	C	info@hansbuch.dk	marine@hansbuch.dk		
1	Hans Buch A/S	C	info@hansbuch.dk	tr@hansbuch.dk		
1	Hans Buch A/S	C	info@hansbuch.dk	finance@fstg.dk		
1	Hans Buch A/S	C	info@hansbuch.dk	jn@hansbuch.dk	1	
100011	Hans Buch A/S	S	info@hansbuch.dk	jn@hansbuch.dk	1	service@fstg.dk
400356	Harren & Partner Schiffahrts GMBH & Co KG	C	container@hp-shipping.de	container@hp-shipping.de	1	
400356	Harren & Partner Schiffahrts GMBH & Co KG	C	container@hp-shipping.de	heavylift@hp-shipping.de	1	
400356	Harren & Partner Schiffahrts GMBH & Co KG	C	container@hp-shipping.de	heavylift@hp-shipping.de		
400356	Harren & Partner Schiffahrts GMBH & Co KG	C	container@hp-shipping.de	n.posmosanu@hp-shipping.de		
400356	Harren & Partner Schiffahrts GMBH & Co KG	C	container@hp-shipping.de	accounting@hp-shipping.de		
25118	Hartmann Schiffahrts GmbH & Co. KG	C	info@hartmann-reederei.de	F.Wildemann@hartmann-offshore.de	1	
25118	Hartmann Schiffahrts GmbH & Co. KG	C	info@hartmann-reederei.de	katrin.korinth@hartmann-reederei.de	1	
5620	Helga Stichweh	S	Stichweh@cableonda.net	Stichweh@cableonda.net		
400876	High Sea Support	C		sales@hss-panama.com		
400972	High Seas Technology Inc.	C	shellygreen@pipewelders.com	shellygreen@pipewelders.com		
100192	Highlander(HK) Digital Technology CO LTD	S	zhouj@highlander.com.cn	Service@highlander.com.cn	1	
25458	Hi-Tek Marine S.A.	C	service@hitekmarine.com	dvargas@hitekmarine.com	1	service@hitekmarine.com
25458	Hi-Tek Marine S.A.	C	service@hitekmarine.com	dvargas@hitekmarine.com		
25458	Hi-Tek Marine S.A.	C	service@hitekmarine.com	deposito@hitekmarine.com		
25458	Hi-Tek Marine S.A.	C	service@hitekmarine.com	j_rovira@hitekmarine.com		
1	HSS Panama	S	marine@hss-panama.com			
400927	Imtech Marine Brazil LTDA	C	admin.santos@imtechmarine.com	tais.vicentini@imtechmarine.com	1	
400077	Imtech Marine Curacao N.V.	C	jverheij@rhcuracao.net/wbelzen@rhcuracao.net/service@rhcuracao.net/	berry.poort@imtechmarine.com		
400077	Imtech Marine Curacao N.V.	C	jverheij@rhcuracao.net/wbelzen@rhcuracao.net/service@rhcuracao.net/	Berry.Poort@imtechmarine.com		
400077	Imtech Marine Curacao N.V.	C	jverheij@rhcuracao.net/wbelzen@rhcuracao.net/service@rhcuracao.net/	Marijn.vanderHoeven@imtechmarine.com		
400077	Imtech Marine Curacao N.V.	C	jverheij@rhcuracao.net/wbelzen@rhcuracao.net/service@rhcuracao.net/	Administration.Curacao@imtechmarine.com	1	
400172	"Imtech Marine Panama, S. A"	C	Service.panama@imtechmarine.com	info.panama@imtechmarine.com	1	
400172	"Imtech Marine Panama, S. A"	C	Service.panama@imtechmarine.com	enocelis.hoyos@imtechmarine.com		
400172	"Imtech Marine Panama, S. A"	C	Service.panama@imtechmarine.com	service.panama@imtechmarine.com	1	
400172	"Imtech Marine Panama, S. A"	C	Service.panama@imtechmarine.com			
400172	"Imtech Marine Panama, S. A"	C	Service.panama@imtechmarine.com			
400841	Imtech Marine Trinidad & Tobago	C	service.trinidad@imtechmarine.com	administration.trinidad@imtechmarine.com	1	
400841	Imtech Marine Trinidad & Tobago	C	service.trinidad@imtechmarine.com	chris.kelshall@imtechmarine.com		
25807	Imtech Marine USA	C	elainecurrie@radiohollandusa.com	Billy.Wooldridge@imtechmarine.com		
25807	Imtech Marine USA	C	elainecurrie@radiohollandusa.com	int.usa@imtechmarine.com		
25807	Imtech Marine USA	C	elainecurrie@radiohollandusa.com	accountspayable.usa@imtechmarine.com		
25807	Imtech Marine USA	C	elainecurrie@radiohollandusa.com	jennifer.galipeault@imtechmarine.com		
5636	Independent Logistic Services	S				
400264	Industrial Maritima de Veracruz SA de CV	C	analydiatrujillo@indumarver.com/indumar@indumarver.com	norma.ruiz@indumarver.com		
400264	Industrial Maritima de Veracruz SA de CV	C	analydiatrujillo@indumarver.com/indumar@indumarver.com	alvaro.sanchez@indumarver.com		
400860	Industrial Perforadora de Campeche S.A. De C.V.	C	rcornejo@grupor.com.mx	jlandaz@grupor-perforacion.com.mx		
400860	Industrial Perforadora de Campeche S.A. De C.V.	C	rcornejo@grupor.com.mx	acastanedap@grupor.com.mx		
400058	Ing.Buro Querin GmbH	C	cq@querin.de	office@querin.de		
400508	INGELMAR LTDA	C	info@ingelmar.cl;acastro@ingelmar.cl	acastro@ingelmar.cl		
400508	INGELMAR LTDA	C	info@ingelmar.cl;acastro@ingelmar.cl	info@ingelmar.cl		
400808	Innovatio TSEM Corp	C				
400412	"Internacional Tagaropulos, S.A"	C	rmunoz@tagaropulos.com	jmartinez@tagaropulos.com		
400412	"Internacional Tagaropulos, S.A"	C	rmunoz@tagaropulos.com	cdaley@tagaropulos.com		
400412	"Internacional Tagaropulos, S.A"	C	rmunoz@tagaropulos.com	hcampos@tagaropulos.com		
5046	Interschalt GmbH	S	vdr-service@interschalt.de	christian.ricks@interschalt.de	1	
5046	Interschalt GmbH	S	vdr-service@interschalt.de	sven.luetjen@interschalt.de		
5046	Interschalt GmbH	S	vdr-service@interschalt.de	joerg.dilschmann@interschalt.de		
400232	Interschalt Maritime Systems AG	C	Friederike.Puechel@interschalt.de/vdr-service@interschalt.de	Manuel Ziegler via Interschalt Service <Service@interschalt.de>	1	
400232	Interschalt Maritime Systems AG	C	Friederike.Puechel@interschalt.de/vdr-service@interschalt.de	service@interschalt.de		
400232	Interschalt Maritime Systems AG	C	Friederike.Puechel@interschalt.de/vdr-service@interschalt.de	service@interschalt.de		
400232	Interschalt Maritime Systems AG	C	Friederike.Puechel@interschalt.de/vdr-service@interschalt.de	service@interschalt.de		
400232	Interschalt Maritime Systems AG	C	Friederike.Puechel@interschalt.de/vdr-service@interschalt.de	invoice@interschalt.de		
400232	Interschalt Maritime Systems AG	C	Friederike.Puechel@interschalt.de/vdr-service@interschalt.de	service@interschalt.de		
400232	Interschalt Maritime Systems AG	C	Friederike.Puechel@interschalt.de/vdr-service@interschalt.de	service@interschalt.de		
400232	Interschalt Maritime Systems AG	C	Friederike.Puechel@interschalt.de/vdr-service@interschalt.de	hilmar.frenz@interschalt.de		
400232	Interschalt Maritime Systems AG	C	Friederike.Puechel@interschalt.de/vdr-service@interschalt.de	service@interschalt.de		
400232	Interschalt Maritime Systems AG	C	Friederike.Puechel@interschalt.de/vdr-service@interschalt.de	service@interschalt.de		
400232	Interschalt Maritime Systems AG	C	Friederike.Puechel@interschalt.de/vdr-service@interschalt.de	service@interschalt.de		
400232	Interschalt Maritime Systems AG	C	Friederike.Puechel@interschalt.de/vdr-service@interschalt.de	invoice@interschalt.de		
400232	Interschalt Maritime Systems AG	C	Friederike.Puechel@interschalt.de/vdr-service@interschalt.de	service@interschalt.de		
400232	Interschalt Maritime Systems AG	C	Friederike.Puechel@interschalt.de/vdr-service@interschalt.de	einkauf@interschalt.de		
400232	Interschalt Maritime Systems AG	C	Friederike.Puechel@interschalt.de/vdr-service@interschalt.de	service@interschalt.de	1	
400738	IS Maritime Services	C	info@ismaritime-us.com	nicola.jensch@ismaritime-us.com		
400738	IS Maritime Services	C	info@ismaritime-us.com			
400493	Jan De Nul NV	C	"panatlantic.finance@jandenul.com,  td.db@jandenul.com"	christophe.mertens@jandenul.com	1	
400493	Jan De Nul NV	C	"panatlantic.finance@jandenul.com,  td.db@jandenul.com"	panatlantic.finance@jandenul.com	1	
400523	KG MS San Alfonso Offen Reederei GmbH & Co	C	sandra.giese@offenship.de	christian.schnicke@offenship.de		
25973	Kilo Marine Electronics Ltd	C	pdenman@kilomarine.com	service@kilomarine.com	1	
5623	Konzerta	S		pagoskonzerta@konzerta.com		
400453	Krypton Electronica Ltda.	C	elservice@tie.cl	service@krypton.cl	1	
400453	Krypton Electronica Ltda.	C	elservice@tie.cl	elservice@tie.cl	1	
5574	L3 Communications ELAC Nautik	S	bianca.wirtz@l-3com.com	jan.stuhr@wartsila.com	1	
400444	L3 Valmarine A/S	C	bergliot.hagenlund@valmarine.no/post@sam-electronics.no	service@valmarine.no		
100119	LA CASA de las BATERIAS	S	sanfrancisco@casabat.com			
100119	LA CASA de las BATERIAS	S	sanfrancisco@casabat.com	nvalero@casabat.com		
25347	Lammers Schiffselektronik GmbH	C	a.heinen@lseleer.de/info@lseleer.de			
25347	Lammers Schiffselektronik GmbH	C	a.heinen@lseleer.de/info@lseleer.de	k.buhr@LSELEER.de	1	
25347	Lammers Schiffselektronik GmbH	C	a.heinen@lseleer.de/info@lseleer.de	a.heinen@lseleer.de; info@lseleer.de	1	
25347	Lammers Schiffselektronik GmbH	C	a.heinen@lseleer.de/info@lseleer.de	claudia.wortmann@lseleer.de		
25347	Lammers Schiffselektronik GmbH	C	a.heinen@lseleer.de/info@lseleer.de			
400130	Lomar Shipping Limited	C	accounts@uniteammarine.com/ wkrueger@uniteammarine.com			
400130	Lomar Shipping Limited	C	accounts@uniteammarine.com/ wkrueger@uniteammarine.com	technical.accounts@uniteammarine.com	1	
400130	Lomar Shipping Limited	C	accounts@uniteammarine.com/ wkrueger@uniteammarine.com	accounts@uniteammarine.com/ wkrueger@uniteammarine.com	1	
400130	Lomar Shipping Limited	C	accounts@uniteammarine.com/ wkrueger@uniteammarine.com	purchasing@uniteammarine.com		
400333	Lur Investment	C	lauburu@cwpanama.net	lauburutec@lauburu.net		
400481	Mackay Marine Panama Inc.	C	"panama@mackaymarine.com, ashley.huber@mackaycomm.com"	carlos.delgado@mackaymarine.com		
400481	Mackay Marine Panama Inc.	C	"panama@mackaymarine.com, ashley.huber@mackaycomm.com"	panama@mackaymarine.com		
400481	Mackay Marine Panama Inc.	C	"panama@mackaymarine.com, ashley.huber@mackaycomm.com"	accounts_payables@mackaycomm.com		
400481	Mackay Marine Panama Inc.	C	"panama@mackaymarine.com, ashley.huber@mackaycomm.com"			
400088	Mackay World Service	C	"service@mackaymarine.com,  Ashley.Huber@mackaycomm.com"	steve.rohrman@mackaycomm.com		
400088	Mackay World Service	C	"service@mackaymarine.com,  Ashley.Huber@mackaycomm.com"	Accounts_Payable@mackaycomm.com		
400088	Mackay World Service	C	"service@mackaymarine.com,  Ashley.Huber@mackaycomm.com"			
400088	Mackay World Service	C	"service@mackaymarine.com,  Ashley.Huber@mackaycomm.com"	service@mackaymarine.com		
25222	Maersk Central America	C	PANMARAGY@maersk.com	cesar.chin@maersk.com		
400338	Maersk Line	C	cphlinescan@maersk.com	mlsmelenav@maersk.com	1	
400338	Maersk Line	C	cphlinescan@maersk.com	cphlinescan@maersk.com	1	
400338	Maersk Line	C	cphlinescan@maersk.com	cphlinescan@maersk.com; mlsmelenav@maersk.com	1	
400338	Maersk Line	C	cphlinescan@maersk.com	mlsmelenav@maersk.com	1	
400338	Maersk Line	C	cphlinescan@maersk.com	mlsmcone2@naersk.com	1	
400338	Maersk Line	C	cphlinescan@maersk.com	Parvez.Shaikh@maersk.com	1	
400955	"Maersk Line, Limited"	C	rkaser@mllnet.com	USAMLLAP@mllnet.com.		
400955	"Maersk Line, Limited"	C	rkaser@mllnet.com	krobertson@mllnet.com		
400955	"Maersk Line, Limited"	C	rkaser@mllnet.com	sveyrat@mllnet.com		
400824	MANTENIMIENTO MARINO DE MÉXICO S. DE R.L. DE C.V.	C	paola.macias@mmmweb.com.mx		1	
5604	Maria Isabel Mejia	S	ana.mejia@aviatur.com	suzycajar@gmail.com		
400482	Marie Schulte Shipping GmbH & Co.	C	osm.team-d@schulteship.de	osm.team-b@schulteship.de	1	
400482	Marie Schulte Shipping GmbH & Co.	C	osm.team-d@schulteship.de	osm.team-d@schulteship.de		
400006	"Marina Satellite Service, S.A."	C	ulmt@cableonda.net			
400265	Maritime Information Systems AS - MARIS	C	"support@maris.no,thomas.flamm@maris.no"	support@maris.no	1	
400645	Marlink AS	C	resource@marlink.com	bjorn-tore.tesdal@marlink.com	1	
400932	MARPORTMAD SHIPPING & LOGISTIC INC.	C	cherrera@marportmad.com	cherrera@marportmad.com		
400932	MARPORTMAD SHIPPING & LOGISTIC INC.	C	cherrera@marportmad.com	vbatista@marportmad.com		
400204	Master & Owner MV HS Caribe	C	info@hansashipping.de	cengel@hansashipping.de	1	
400204	Master & Owner MV HS Caribe	C	info@hansashipping.de	office@querin.de	1	
400204	Master & Owner MV HS Caribe	C	info@hansashipping.de			
400204	Master & Owner MV HS Caribe	C	info@hansashipping.de	afink@hansashipping.de		
400914	Master & Owners MV Chiquita Bremen	C	mail@chartworld.gr	giotadrosou@chartworld.gr		
400939	"Master and Owner - ""NORDIC HANNE"""	C	Apinvoices@thome.com.sg	Apinvoices@thome.com.sg		
400096	"Master and Owner - ""Nordic Hanne"""	C	office@thome.com.sg	Apinvoices@thome.com.sg		
400096	"Master and Owner - ""Nordic Hanne"""	C	office@thome.com.sg	Apinvoices@thome.com.sg		
400096	"Master and Owner - ""Nordic Hanne"""	C	office@thome.com.sg	frankij.chandra@thome.com.sg		
26066	Mecstores	C	vtunon@marpolengineers.com/mghaccount@marpolengineers.com	ccastillo@mecpanama.com		
26066	Mecstores	C	vtunon@marpolengineers.com/mghaccount@marpolengineers.com			
26066	Mecstores	C	vtunon@marpolengineers.com/mghaccount@marpolengineers.com			
400413	Metalock Brasil Ltda.	C	santos@metalock.com.br	metalock@metalock.com.br		
25379	Mishal S.A.	C	mishal@mishalsa.com	nautical@mishalsa.com		
25379	Mishal S.A.	C	mishal@mishalsa.com	accounting1@mishalsa.com		
400929	MN Cape ANN / Adriatic Agencia Naviera	C	contabilidad@adriaticpanama.com	contabilidad@adriaticpanama.com		
400959	Motia Compagnia Di Navigazione Spa	C	amministrazione@motia.it	amministrazione@motia.it		
400947	MRC ELETRONICA LTDA	C	mrc@mrceletronica.com.br	carlosvieira@mrceletronica.com.br		
400455	Ms Mizar Gmbh & Co. KG	C	fboerm@zepship.com /mail@zepship.com		1	
400903	MS Virginia Trader GmbH & Co.	C	invoice@csm-d.com	accountspayable@csm-d.com	1	
400273	MSC Shipmanagement Cy	C	e-invoicing@mscsmcy.com	vverma@mscsmcy.com	1	
400273	MSC Shipmanagement Cy	C	e-invoicing@mscsmcy.com	eioannou@mscsmcy.com	1	
400273	MSC Shipmanagement Cy	C	e-invoicing@mscsmcy.com	Treasury@mscsmcy.com	1	
400273	MSC Shipmanagement Cy	C	e-invoicing@mscsmcy.com	dandreou@mscsmcy.com	1	
400273	MSC Shipmanagement Cy	C	e-invoicing@mscsmcy.com	apetrou@mscsmcy.com	1	
400273	MSC Shipmanagement Cy	C	e-invoicing@mscsmcy.com	purchasing@mscsmcy.com	1	
400273	MSC Shipmanagement Cy	C	e-invoicing@mscsmcy.com	gmichailidis@mscsmcy.com	1	
400273	MSC Shipmanagement Cy	C	e-invoicing@mscsmcy.com	+357 99 672983	1	
400273	MSC Shipmanagement Cy	C	e-invoicing@mscsmcy.com	e-invoicing@mscsmcy.com	1	
400273	MSC Shipmanagement Cy	C	e-invoicing@mscsmcy.com	amaheshwari@mscsmcy.com	1	
400273	MSC Shipmanagement Cy	C	e-invoicing@mscsmcy.com	eioannou@mscsmcy.com	1	
400273	MSC Shipmanagement Cy	C	e-invoicing@mscsmcy.com	xmallouri@mscsmcy.com	1	
400273	MSC Shipmanagement Cy	C	e-invoicing@mscsmcy.com	jmondal@mscsmcy.com	1	
400273	MSC Shipmanagement Cy	C	e-invoicing@mscsmcy.com	cmenelaou@mscsmcy.com	1	
400273	MSC Shipmanagement Cy	C	e-invoicing@mscsmcy.com	kstiggas@mscsmcy.com	1	
400273	MSC Shipmanagement Cy	C	e-invoicing@mscsmcy.com	radibhatla@mscsmcy.com	1	
400273	MSC Shipmanagement Cy	C	e-invoicing@mscsmcy.com	echristoforou@mscsmcy.com	1	
400273	MSC Shipmanagement Cy	C	e-invoicing@mscsmcy.com	pioannou@mscsmcy.com	1	
400273	MSC Shipmanagement Cy	C	e-invoicing@mscsmcy.com	mkarvazonis@mscsmcy.com	1	
400273	MSC Shipmanagement Cy	C	e-invoicing@mscsmcy.com			
400273	MSC Shipmanagement Cy	C	e-invoicing@mscsmcy.com	mswitaj@mscsmcy.com		
400912	MSI Ship Management PET LTD	C	MSIAccountsPayable@msishps.com	MSIAccountsPayable@msishps.com		
400969	MURPHY LIMITADA	C	admin.murphy@tie.cl; rol.murphy@tie.cl	admin.murphy@tie.cl; rol.murphy@tie.cl		
400689	Naval Radio Ecuador	C	marcelom@navalradio.com.ec	tams@navalradio.com.ec		
400007	Naval Radio Ltda. Chile	C	carolinaa@navalradio.cl	davidc@navalradio.cl		
400007	Naval Radio Ltda. Chile	C	carolinaa@navalradio.cl	josec@navalradio.cl		
400846	Naval Radio Panama INC	C	service@navalradio.com.pa	andreyg@navalradio.cl		
400428	Naval Radio Peru S.A.	C	rosarioa@navalradio.com.pe	jorgel@navalradio.com.pe		
400428	Naval Radio Peru S.A.	C	rosarioa@navalradio.com.pe	rosarioa@navalradio.com.pe		
25919	Navarino Telecom S.A.	C	Accounting@navarino.gr		1	
25919	Navarino Telecom S.A.	C	Accounting@navarino.gr	technical.support@navarino.gr	1	
25919	Navarino Telecom S.A.	C	Accounting@navarino.gr	technical.support@navarino.gr		
25919	Navarino Telecom S.A.	C	Accounting@navarino.gr	accounting@navarino.gr	1	
26235	Navesco S.A.	C	"eruiz@navesco.com.co, cmejia@navesco.com.co"	invoices@navesco.com.co		
26235	Navesco S.A.	C	"eruiz@navesco.com.co, cmejia@navesco.com.co"	Edgar Ruiz <eruiz@navesco.com.co>	1	
5612	Navico Americas	C				
400923	Navico Australia Pty Ltd	C	KUMAR.DHOLAKIA@NAVICO.COM	AccountsPayable.Au@navico.com		
400923	Navico Australia Pty Ltd	C	KUMAR.DHOLAKIA@NAVICO.COM	support@maris.no	1	
400923	Navico Australia Pty Ltd	C	KUMAR.DHOLAKIA@NAVICO.COM	KUMAR.DHOLAKIA@NAVICO.COM	1	
400923	Navico Australia Pty Ltd	C	KUMAR.DHOLAKIA@NAVICO.COM	Mahdy.Dennaoui@navico.com	1	
400924	Navico Inc	C	accountspayable.us@navico.com	katie.gates@navico.com		
400924	Navico Inc	C	accountspayable.us@navico.com	support@maris.no		
400197	Navico Logistics Europe BV	C	invoicesonly.elc@navico.com			
400197	Navico Logistics Europe BV	C	invoicesonly.elc@navico.com	invoicesonly.elc@navico.com		
400197	Navico Logistics Europe BV	C	invoicesonly.elc@navico.com	accountspayable.elc@navico.com		
400197	Navico Logistics Europe BV	C	invoicesonly.elc@navico.com	willem.auret@navico.com		
400197	Navico Logistics Europe BV	C	invoicesonly.elc@navico.com	support@maris.no		
400973	Navimar Office	C	mva@navimar.ru	mva@navimar.ru		
25153	Navstar Marine Electronic S.A	C	info@navstarmarine.com/navstar@sinfo.net	navmarine@cwpanama.net		
25153	Navstar Marine Electronic S.A	C	info@navstarmarine.com/navstar@sinfo.net	recepcion@navstarmarine.com		
25153	Navstar Marine Electronic S.A	C	info@navstarmarine.com/navstar@sinfo.net			
100015	Navstar Marine Electronics	S	navstar@sinfo.net	abarrios@navstarmarine.com		
400069	Navylloyd AG	C	mail@navylloyd.ch	mail@navylloyd.ch		
400069	Navylloyd AG	C	mail@navylloyd.ch	mail@navylloyd.ch		
400917	Necol Marine Electronics	C	andrew@necol.com	andrew@necol.com		
100054	Netwave Systems BV	S	admin@netwavesystems.com	spares@netwavesystems.com	1	
400109	Netwave Systems NL	C	"creditcontrol@netwavesystem.com/markvanede@netwavesystems.com,vanessa@netwavesys"	payable@netwavesystems.com	1	
400109	Netwave Systems NL	C	"creditcontrol@netwavesystem.com/markvanede@netwavesystems.com,vanessa@netwavesys"	service@netwavesystems.com	1	
400109	Netwave Systems NL	C	"creditcontrol@netwavesystem.com/markvanede@netwavesystems.com,vanessa@netwavesys"	payable@netwavesystems.com; service@netwavesystems.com		
400921	Norgas Carriers Pte Ltd	C	e-invoice@skaugen-osm.com	Rajeev.Premi@skaugen-osm.com	1	
400921	Norgas Carriers Pte Ltd	C	e-invoice@skaugen-osm.com	accounts.singapore@osm.no	1	
400043	Northrop Grumman Sperry Marine BV	C	Kathrin.Gryczan@intl.ngc.com	franziska.heum@sperry.ngc.com	1	
400043	Northrop Grumman Sperry Marine BV	C	Kathrin.Gryczan@intl.ngc.com	accounts.payableuk@sperry.ngc.com		
100093	Novega Produktionssysteme GmbH	S	info@novega.de/cv@novega.de	dg@novega.de		
25810	NSSLGlobal Ltd	C	kim.bushby@nsslglobal.com	kim.bushby@nsslglobal.com	1	
25810	NSSLGlobal Ltd	C	kim.bushby@nsslglobal.com	kim.bushby@nsslglobal.com		
25810	NSSLGlobal Ltd	C	kim.bushby@nsslglobal.com	martin.peters@nsslglobal.com	1	
400374	Oasis Marine Services Ltd	C	sales@oasismarine.ca	account@oasismarine.ca		
400374	Oasis Marine Services Ltd	C	sales@oasismarine.ca	service@oasismarine.ca		
400374	Oasis Marine Services Ltd	C	sales@oasismarine.ca	service@oasismarine.ca	1	
400968	Odfjell Management AS	C	invoice@odfjell.com	mail@odfjell.com	1	
400968	Odfjell Management AS	C	invoice@odfjell.com	invoice@odfjell.com		
400968	Odfjell Management AS	C	invoice@odfjell.com			
400968	Odfjell Management AS	C	invoice@odfjell.com	Rigmor.Olsen@odfjell.com		
400920	Odin	C	uniship@unimedshipping.com	payos@unimedshipping.com		
25962	One Tech Services Ltd.	C	accounts@onenet.com.cy	antonis.n@onetech.com.cy	1	
25962	One Tech Services Ltd.	C	accounts@onenet.com.cy	accounts@onetech.com.cy	1	
25962	One Tech Services Ltd.	C	accounts@onenet.com.cy	marios.p@onetech.com.cy	1	
400960	Overseas Electronics & Beyond S.A.	C		info@overseaspanama.net		
400949	Pacific Basin Shipping (HK) Limited	C	pbtechnicalofficers@pacificbasin.com	joyeung@pacificbasin.com		
400949	Pacific Basin Shipping (HK) Limited	C	pbtechnicalofficers@pacificbasin.com	ktso@pacificbasin.com		
400949	Pacific Basin Shipping (HK) Limited	C	pbtechnicalofficers@pacificbasin.com	invoice@pacificbasin.com		
400965	Panama Marine Products & Services	C	panamax@panamamarine.com.pa	sandratrochez@panamamarine.com.pa		
400587	Panama Ports Company S.A	C	pagos@ppc.com.pa	monge.jeancarlos@ppc.com.pa		
100267	Panama Satelital	S	service@pana-sat.com			
400951	PANAMA SHIP CHANDLING	C	pmlc@pmlc.com.pa	contabilidad@pmlc.com.pa		
400875	PanamaTek S.A.	C	service@panamatek.com	service@panamatek.com		
400962	PASRAS	C	tor.hasselgren@pasras.com	tor.hasselgren@pasras.com		
100504	Pasras	S	info@pasras.com	tor.hasselgren@pasras.com		
400347	PIT Pacific Investment & Trading GmbH & Co. KG	C	accounting@hp-shipping.de	Accounting@hp-shipping.de	1	
400347	PIT Pacific Investment & Trading GmbH & Co. KG	C	accounting@hp-shipping.de	container@hp-shipping.de	1	
400401	Polaris Electronics A/S	C	info@polaris-as.dk	op@polaris-as.dk	1	
400954	Port Louis Maritime Co. Ltd.	C		euclides.vargas@jandenul.com		
400954	Port Louis Maritime Co. Ltd.	C		christoph.mertens@jandenul.com		
0	PriceInfo	C				
400516	"Proesa Electronica, SA de CV"	C	"proesa_9@prodigy.net.mx,  gerencia@proesaelectronica.com"	silvia.hernandez@proesaelectronica.com.mx		
400516	"Proesa Electronica, SA de CV"	C	"proesa_9@prodigy.net.mx,  gerencia@proesaelectronica.com"	proyectos@proesaelectronica.com		
400516	"Proesa Electronica, SA de CV"	C	"proesa_9@prodigy.net.mx,  gerencia@proesaelectronica.com"			
25254	Proveedora Técnica S.A.	C	info@protecsa.com.pa/service@protecsa.com.pa	lv@protecsa.com.pa		
5637	Proyectos y Consultorias OLDEFI S.A.	S				
25593	Radio Holland Germany GmbH	C	info@radioholland.de	info@radioholland.de	1	
25593	Radio Holland Germany GmbH	C	info@radioholland.de	thomas.carsten@imtechmarine.com	1	
25833	Radio Marina de Venezuela S.A	C	leandro.r@radiomarinagroup.com/accounting@radiomarinagroup.com/services@radiomar	sales@radiomarinagroup.com		
25833	Radio Marina de Venezuela S.A	C	leandro.r@radiomarinagroup.com/accounting@radiomarinagroup.com/services@radiomar	purchasing@radiomarinagroup.com		
25833	Radio Marina de Venezuela S.A	C	leandro.r@radiomarinagroup.com/accounting@radiomarinagroup.com/services@radiomar	stefanie.y@radiomarinagroup.com		
25833	Radio Marina de Venezuela S.A	C	leandro.r@radiomarinagroup.com/accounting@radiomarinagroup.com/services@radiomar	sales@radiomarinagroup.com		
25833	Radio Marina de Venezuela S.A	C	leandro.r@radiomarinagroup.com/accounting@radiomarinagroup.com/services@radiomar	gerardo.m@radiomarinagroup.com		
25833	Radio Marina de Venezuela S.A	C	leandro.r@radiomarinagroup.com/accounting@radiomarinagroup.com/services@radiomar	ender.y@radiomarinagroup.com		
25833	Radio Marina de Venezuela S.A	C	leandro.r@radiomarinagroup.com/accounting@radiomarinagroup.com/services@radiomar	yndira.o@radiomarinagroup.com		
25833	Radio Marina de Venezuela S.A	C	leandro.r@radiomarinagroup.com/accounting@radiomarinagroup.com/services@radiomar	vicente.r@radiomarinagroup.com		
400952	Radiomar Electronica Naval Ltda.	C	radiomar@radiomar.com.br	financeiro@radiomar.com.br		
400952	Radiomar Electronica Naval Ltda.	C	radiomar@radiomar.com.br	service@radiomar.com.br		
25884	Raytec Marine	C	"service@raytec.com.cy, sylwia.szczotka@raytec.com.cy"	sales@raytec.com.cy	1	service@raytec.com.cy
25884	Raytec Marine	C	"service@raytec.com.cy, sylwia.szczotka@raytec.com.cy"	sales@raytec.com.cy		
25884	Raytec Marine	C	"service@raytec.com.cy, sylwia.szczotka@raytec.com.cy"	sylwia.mucha@raytec.com.cy	1	
5006	Raytheon Anschuetz GmbH	S	Hilke_Krasemann@raykiel.com	tobias_grunwald@raykiel.com		
5006	Raytheon Anschuetz GmbH	S	Hilke_Krasemann@raykiel.com	angela_peters@raykiel.com		"Frank_Rickmann@raykiel.com;Holger_Juilfs@raykiel.com;Martin_Grassmann@raykiel.com;Jan_luett@raykiel.com;andreas_Oberschelp@raykiel.com;Hilke_Krasemann@raykiel.com;kim.topp@raypanama.com
"
25659	Raytheon Anschütz GmbH	C	isabel_raetsch@raykiel.com	sandra_tonhaeuser@raykiel.com		
25659	Raytheon Anschütz GmbH	C	isabel_raetsch@raykiel.com	Kerstin_Wollmann@raykiel.com		
25659	Raytheon Anschütz GmbH	C	isabel_raetsch@raykiel.com	accountspayable@raykiel.com		
25659	Raytheon Anschütz GmbH	C	isabel_raetsch@raykiel.com	femke_thede@raykiel.com		
25659	Raytheon Anschütz GmbH	C	isabel_raetsch@raykiel.com	Torsten_Nehmsch@raykiel.com		
25659	Raytheon Anschütz GmbH	C	isabel_raetsch@raykiel.com	vera_golchert@raykiel.com		
25659	Raytheon Anschütz GmbH	C	isabel_raetsch@raykiel.com	accountspayable@raykiel.com		
25659	Raytheon Anschütz GmbH	C	isabel_raetsch@raykiel.com	alina_seiffert@raykiel.com		
25659	Raytheon Anschütz GmbH	C	isabel_raetsch@raykiel.com	sabine_nitsch@raykiel.com		
25659	Raytheon Anschütz GmbH	C	isabel_raetsch@raykiel.com	Matthias2_Wagner@raykiel.com		
25659	Raytheon Anschütz GmbH	C	isabel_raetsch@raykiel.com	Mari_Rasmus@raykiel.com		
400971	Raytheon IIS	C				
900000	Raytheon Marine Warranty	C				
400140	Reefership Marine Services	C	KChhabra@dole.com	daniel.gamboa@dole.com		
400140	Reefership Marine Services	C	KChhabra@dole.com	Ileana.Chavarria@dole.com		
400728	RESET ELECTRONICA Y SISTEMAS SRL	C		mmunoz@resetnaval.com		
400852	Rickmers Shipmanagement ( Singapore ) Pte.Ltd	C		ap@rickmers.com	1	
400852	Rickmers Shipmanagement ( Singapore ) Pte.Ltd	C		rss.fleet3@rickmers.com		
400957	Rotating Equipment Specialist Inc	C	wolframripoll@roteqsp.com	gabrielceballos@roteqsp.com		
73916	Saab TransponderTech AB	S	maria.dixeliys@transpondertech		1	
73916	Saab TransponderTech AB	S	maria.dixeliys@transpondertech	accountsreceivable.saab@saabgroup.com	1	
5080	SAM Electronics GmbH	S	kreditoren@sam-electronics.de.	shipspares@sam-electronics.de	1	
5080	SAM Electronics GmbH	S	kreditoren@sam-electronics.de.	andreas.greitemann-hackl@sam-electronics.de	1	
5080	SAM Electronics GmbH	S	kreditoren@sam-electronics.de.	shipspares@sam-electronics.de	1	
5080	SAM Electronics GmbH	S	kreditoren@sam-electronics.de.	Monika.Salzmann@sam-electronics.de		
25606	Sam Electronics Netherlands	C	m.doekharan@sam-electronics.nl	A.van.Weerden@sam-electronics.nl		
25606	Sam Electronics Netherlands	C	m.doekharan@sam-electronics.nl	service@sam-electronics.nl	1	
25606	Sam Electronics Netherlands	C	m.doekharan@sam-electronics.nl	ap@sam-electronics.nl	1	
25606	Sam Electronics Netherlands	C	m.doekharan@sam-electronics.nl	service@sam-electronics.nl		
400018	Sandvik Marine Electronics SL	C	sandvik@ono.com	accounts@sandvikservice.com		
400018	Sandvik Marine Electronics SL	C	sandvik@ono.com	sbm@sandvikservice.com		
400906	SATCOM COLOMBIA S.A.	C	soniamc@satcomcolombia.com	"contabilidad@satcomcolombia.com,osmari.sanchez@satcomcolombia.com"		
400908	Scan Cargo Services S.A.	C		yexi.espinosa@willhelmsen.com		
400597	Scandinavian Micro Systems Inc.	C	sales@scansys.no	oddbjorn@scansys.no		
400597	Scandinavian Micro Systems Inc.	C	sales@scansys.no	us-accounts@scansys.no		
400502	Scheepvaartonderneming M.S. UBC Manzanillo	C	invoice@feederlines.nl	accounting@feederlines.nl	1	
400502	Scheepvaartonderneming M.S. UBC Manzanillo	C	invoice@feederlines.nl	TeamA@feederlines.nl	1	
400502	Scheepvaartonderneming M.S. UBC Manzanillo	C	invoice@feederlines.nl	TeamA@feederlines.nl		
400940	SeaTec Communications	C		ganesan.krishnamurthy@seatec-comms.com		
400940	SeaTec Communications	C		mailto:accounts@seatec-comms.com		
400940	SeaTec Communications	C		accounts@seatec-comms.com	1	
100319	Seguridad Benitez	S		seguridadbenitez@seguridadbenitez.com		
400964	Seguridad Nautica Hourmat SL	C	jahourmat@seguridad-nautica.es	jahourmat@seguridad-nautica.es		
400964	Seguridad Nautica Hourmat SL	C	jahourmat@seguridad-nautica.es	afolivares@seguridad-nautica.es	1	
400964	Seguridad Nautica Hourmat SL	C	jahourmat@seguridad-nautica.es	afolivares@seguridad-nautica.es		
400850	"SHANGHAI EASTONE MARINE TECHNOLOGIES CO.,LTD"	C	service@eastoneint.com.cn	ninger.zhang@eastoneint.com.cn		
400913	SISCOM Electronica Naval	C	siscom@siscomnaval.com.ar	siscom@siscomnaval.com.ar		
400418	SMD Marine Systems Eletronica Naval Ltda	C	mc@smdmarine.com.br	fernando@smdmarine.com.br		
100524	Sonicel	S				
400592	Southern Shipmanagement Co S.A.	C	"mzamudio@ssm.cl, invoice@ssm.cl"	rrodriguez@ssm.cl		
400592	Southern Shipmanagement Co S.A.	C	"mzamudio@ssm.cl, invoice@ssm.cl"	rvasconcelo@ssm.cl		
400970	SPS MARINE SAS	C	infomarine@spsmarine.com	pagos@spsmarine.com	1	
400970	SPS MARINE SAS	C	infomarine@spsmarine.com	pagos@spsmarine.com		
400961	SPS Maritime LTD.	C		accounting@schmidtocean.org		
400807	SRC IMPORTACIONES Y VENTAS E.I.R.L	C				
25256	SRH Marine Electronics S.A.	C	f.bastouni@srhmar.gr	tech.dept@srhmar.gr	1	
25256	SRH Marine Electronics S.A.	C	f.bastouni@srhmar.gr	k.adami@srhmar.gr		
25256	SRH Marine Electronics S.A.	C	f.bastouni@srhmar.gr	iscc@srhmar.gr		
25256	SRH Marine Electronics S.A.	C	f.bastouni@srhmar.gr	iscc@srhmar.gr		
400918	STAMCO SHIP MANAGEMENT	C	STAMCO@STAMCO.GR			
400918	STAMCO SHIP MANAGEMENT	C	STAMCO@STAMCO.GR	stamco@stamco.gr	1	
400918	STAMCO SHIP MANAGEMENT	C	STAMCO@STAMCO.GR	stamco@stamco.gr		
400918	STAMCO SHIP MANAGEMENT	C	STAMCO@STAMCO.GR			
400928	Station Satcom Pte Ltd	C	accounts.singapore@stationsatcom.com	accounts.singapore@stationsatcom.com		
400925	SY Juno	C		paul.frew@gmail.com		
400192	Syberg A.B	C	Tor-Anders.Arby@syberg.no	Tor-Anders.Arby@syberg.no	1	
25511	Syberg A/S	C	invoice@syberg.no	service@syberg.no	1	
25511	Syberg A/S	C	invoice@syberg.no	service@syberg.no		
25511	Syberg A/S	C	invoice@syberg.no	invoice@syberg.no		
400956	Tana Marine LTD	C	teknik@kaptanoglu.com	tayfunkuzu@kaptanoglu.com		
400956	Tana Marine LTD	C	teknik@kaptanoglu.com	tayfunkuzu@kaptanoglu.com		
400902	TB Marine Shupmanagement Hamburg GmbH & Co. KG	C		axelhuettemannn@tbmarine.de		
400902	TB Marine Shupmanagement Hamburg GmbH & Co. KG	C		tb.technical@tbmarine.de		
400937	Tecnicas Maritimas Avanzadas S.A. de C.V.	C		yaneth.tun@tmasa-mx.com		
400937	Tecnicas Maritimas Avanzadas S.A. de C.V.	C		AP@tmasa-mx.com		
400942	Tefin S.C.R.L.	C	INFO@TEFIN.IT	a.volante@tefin.it	1	
400942	Tefin S.C.R.L.	C	INFO@TEFIN.IT	g.aiello@tefin.it	1	
400942	Tefin S.C.R.L.	C	INFO@TEFIN.IT	G.Aiello@tefin.it	1	
400305	Telecomunicaciones y Proyectos En Tecnologías de la	C	jose.buchan@telpro-ti.com	arturo.hernandez@telpro-ti.com	1	
400666	TELEMAR CHINA LIMITED	C	sales@telemarchina.com	w.zhao@telemarchina.com		
25261	Telemar UK Limited	C	"accounts@telemar.co.uk,  Susan.Brookes@Telemar.co.uk"	lena.french@telemar.co.uk	1	
25261	Telemar UK Limited	C	"accounts@telemar.co.uk,  Susan.Brookes@Telemar.co.uk"	julie.nesbitt@telemar.co.uk	1	
25261	Telemar UK Limited	C	"accounts@telemar.co.uk,  Susan.Brookes@Telemar.co.uk"	accounts@telemar.co.uk; Susan.Brookes@Telemar.co.uk: trish.potts@telemar.co.uk		
400366	Telnav	C	smourao@telnavtelecom.com.br	smourao@telnavtelecom.com.br		
400366	Telnav	C	smourao@telnavtelecom.com.br	mneves@telnav.com.br		
400926	The Masters and Owners LOMAR SHIPPING LTD of M/V CALAIS TRADER	C	calaistradervc@vships.com	dinakaran.subramaniam@vships.com	1	
400926	The Masters and Owners LOMAR SHIPPING LTD of M/V CALAIS TRADER	C	calaistradervc@vships.com	varaprasad.kareti@vships.com	1	
400926	The Masters and Owners LOMAR SHIPPING LTD of M/V CALAIS TRADER	C	calaistradervc@vships.com	khine.phyu@vships.com	1	
400935	THOME SHIP MANAGEMENT DENMARK	C	mikkel.boesen@thomegroup.com		1	
400915	TMM Division Maritima SA De CV	C	jesus.sanchez@tmm.com.mx;edith.sanchez@tmm.com.mx	jesus.sanchez@tmm.com.mx		
400735	TNL GREECE LTD	C	"p.fykaris@tnlcom.gr, info@tnlcom.gr"	accounts@tnlcom.gr	1	
400735	TNL GREECE LTD	C	"p.fykaris@tnlcom.gr, info@tnlcom.gr"	p.fykaris@tnlcom.gr		
400735	TNL GREECE LTD	C	"p.fykaris@tnlcom.gr, info@tnlcom.gr"	technical@tnlcom.gr	1	
400212	To Owners of Vessel Paul Gauguin	C	invoice@wilhelmsen.com	Kokilavani.Ramasamy@wilhelmsen.com	1	
400212	To Owners of Vessel Paul Gauguin	C	invoice@wilhelmsen.com	mohamad-nazar.mohamad-yusuf@wilhelmsen.com	1	
400212	To Owners of Vessel Paul Gauguin	C	invoice@wilhelmsen.com	Laiza.Ilagan@wilhelmsen.com	1	
400212	To Owners of Vessel Paul Gauguin	C	invoice@wilhelmsen.com	invoice@wilhelmsen.com	1	
400098	Torm A/S	C	workflow@torm.com	navsupport@torm.com		
400098	Torm A/S	C	workflow@torm.com	workflow@torm.com		
400313	Tototheo Trading Ltd	C	sales@tototheo.com.cy	operations@tototheo.com.cy	1	
400313	Tototheo Trading Ltd	C	sales@tototheo.com.cy	operations@tototheo.com.cy		
400313	Tototheo Trading Ltd	C	sales@tototheo.com.cy			
400313	Tototheo Trading Ltd	C	sales@tototheo.com.cy	accounts@tototheo.com.cy		
400313	Tototheo Trading Ltd	C	sales@tototheo.com.cy	operations@tototheo.com.cy		
400313	Tototheo Trading Ltd	C	sales@tototheo.com.cy	Kalina Kaluska <Kalina.k@tototheo.com.cy>		
400313	Tototheo Trading Ltd	C	sales@tototheo.com.cy	accounts@tototheo.com.cy		
400313	Tototheo Trading Ltd	C	sales@tototheo.com.cy	operations@tototheo.com.cy		
400313	Tototheo Trading Ltd	C	sales@tototheo.com.cy	Operations@tototheo.com.cy		
400175	"Transas Americas, Inc."	C	jholzbach@transasusa.com	vtennyson@transasusa.com		
400175	"Transas Americas, Inc."	C	jholzbach@transasusa.com	finance@transas.com		
400175	"Transas Americas, Inc."	C	jholzbach@transasusa.com	bspellmeyer@transasusa.com;vtennyson@transasusa.com;vtennyson@transasusa.com	1	
400175	"Transas Americas, Inc."	C	jholzbach@transasusa.com	service@transas.com		
400395	Transas Limited	C	caroline.hourigan@transas.com/information@transas.com	service@transas.com		
400640	TRANSESTE SCHIFFAHRTS GMBH & CO KG	C		office@transeste.com		
400640	TRANSESTE SCHIFFAHRTS GMBH & CO KG	C		office@transeste.com		
400640	TRANSESTE SCHIFFAHRTS GMBH & CO KG	C		ra@transeste.com		
400640	TRANSESTE SCHIFFAHRTS GMBH & CO KG	C		office@transeste.com		
400775	Transoceans Agency Group	C	accounting@transocean-pty.com	accounting@transocean-pty.com		
400775	Transoceans Agency Group	C	accounting@transocean-pty.com	operations1@transocean-pty.com		
400775	Transoceans Agency Group	C	accounting@transocean-pty.com	operations2@transocean-pty.com		
400930	"Tronav, SRL"	C	info@tronav.com	japi@tronav.com		
400950	Ulstein Belga Marine Servicos de Electronica Naval LTDA	C	belga@belgamarine.com.br	account@belgamarine.com.br	1	
400501	United Shipping Services Ten Inc.	C	astrid.toros@uljanikplovidba.com	astrid.trisic@uljanikplovidba.com		
400501	United Shipping Services Ten Inc.	C	astrid.toros@uljanikplovidba.com	sales@crocon.hr		
400934	V.Ships Asia Group Pte Ltd	C				
400934	V.Ships Asia Group Pte Ltd	C		dinakaran.subramaniam@vships.com	1	
100503	VEINLAND GmbH	S	info@veinland.net	claudia.hoentsch@veinland.net		
400900	Vessel Logistic Export and Import Inc	C	"d.operaciones@marede.com.pa, tecnicos@maredea.com.pa"	info@maredea.com.pa		
5618	VIKING Life-Saving Equipment PFZ	S	nde@viking-life.com			
400938	VIP Yachts	C		yachtsojourn@gmail.com		
400953	Vision Marine Rep E Serv Ltda	C	celso@visionmarine.com	soraia.vasquez@visionmarine.com.br		
400463	"VT Shipping International, Inc"	C	jdigeronimo@vtshipping.com / vguillen@vtshipping.com	apitterson@vtshipping.com	1	
400327	Wartsila G.A. International	C	maria.artola@l-3com.com	Erik.Hagerup@L-3Com.com	1	
400327	Wartsila G.A. International	C	maria.artola@l-3com.com	stefanie.simonson@l-3com.com;maria.artola@l-3com.com		
400327	Wartsila G.A. International	C	maria.artola@l-3com.com	gunter.olbrich@watsila.com		
25565	Wärtsilä SAM Electronics GmbH	C		shipservice@sam-electronics.de	1	
25565	Wärtsilä SAM Electronics GmbH	C		Bianca.Burmeister@sam-electronics.de		
25565	Wärtsilä SAM Electronics GmbH	C		shipservice@sam-electronics.de		
25565	Wärtsilä SAM Electronics GmbH	C		shipservice@sam-electronics.de		
25565	Wärtsilä SAM Electronics GmbH	C		shipservice@sam-electronics.de		
25565	Wärtsilä SAM Electronics GmbH	C		angela.hass@sam-electronics.de		
25565	Wärtsilä SAM Electronics GmbH	C		shipservice@sam-electronics.de		
25565	Wärtsilä SAM Electronics GmbH	C		monique.assmann@sam-electronics.de		
25565	Wärtsilä SAM Electronics GmbH	C		shipservice@sam-electronics.de		
25565	Wärtsilä SAM Electronics GmbH	C		retrofit@sam-electronics.de		
25565	Wärtsilä SAM Electronics GmbH	C		shipservice@sam-electronics.de		
25565	Wärtsilä SAM Electronics GmbH	C		shipservice@sam-electronics.de		
25565	Wärtsilä SAM Electronics GmbH	C		karl-heinz.kranert@sam-electronics.de		
25565	Wärtsilä SAM Electronics GmbH	C		shipservice@sam-electronics.de		
25565	Wärtsilä SAM Electronics GmbH	C		shipservice@sam-electronics.de		
25565	Wärtsilä SAM Electronics GmbH	C		Kreditoren@sam-electronics.de		
400638	Webspeed	C	ham.olsen@webspeed.dk	ham.olsen@webspeed.dk		
400931	World Clean International S.A.	C	sales@worldcleanint.com	sales@worldcleanint.com		
